{
  "klijent": "davidsimic1",
  "tip": "Кућа",
  "adresa": "Кнез Михајлова 70",
  "kvadratura": 100,
  "brojProstorija": 3,
  "prostorije": [
    {
      "startX": 0,
      "startY": 0,
      "duzina": 300,
      "sirina": 200
    },
    {
      "startX": 0,
      "startY": 200,
      "duzina": 300,
      "sirina": 200
    },
    {
	  "startX": 300,
      "startY": 0,
      "duzina": 100,
      "sirina": 400
    }
  ],
  "svaVrata": [
    {
      "startX": 300,
      "startY": 100,
      "orijentacija": 3,
      "sirina": 50
    },
    {
      "startX": 300,
      "startY": 300,
      "orijentacija": 3,
      "sirina": 50
    },
    {
	  "startX": 150,
      "startY": 200,
      "orijentacija": 1,
      "sirina": 50
    }
  ]
}