[{
  "_id": {
    "$oid": "64927d35bc5beab0b562669e"
  },
  "usernameObj": "davidsimic1",
  "adresaObj": "Нушићева 17",
  "datumOd": {
    "$date": "2020-01-15T01:00:00.000Z"
  },
  "datumDo": {
    "$date": "2020-07-17T00:00:00.000Z"
  },
  "ugovorenaCena": 6000,
  "agencija": "test",
  "zavrsen": 0,
  "prostorija1status": 1,
  "prostorija2status": 2,
  "prostorija3status": 0,
  "brojRadnika": 3,
  "__v": 0
},
{
  "_id": {
    "$oid": "64927d3fbc5beab0b56266a8"
  },
  "usernameObj": "davidsimic1",
  "adresaObj": "Сутјеска 23",
  "datumOd": {
    "$date": "2020-03-25T01:00:00.000Z"
  },
  "datumDo": {
    "$date": "2020-06-27T00:00:00.000Z"
  },
  "ugovorenaCena": 5000,
  "agencija": "test",
  "zavrsen": 2,
  "prostorija1status": 1,
  "prostorija2status": 1,
  "prostorija3status": 1,
  "brojRadnika": 0,
  "__v": 0
},
{
  "_id": {
    "$oid": "649288c3dcc157e8bfdb5b6d"
  },
  "usernameObj": "dzoni",
  "adresaObj": "Краља Милана 50",
  "datumOd": {
    "$date": "2009-03-25T01:00:00.000Z"
  },
  "datumDo": {
    "$date": "2011-10-27T00:00:00.000Z"
  },
  "ugovorenaCena": 10000,
  "agencija": "test",
  "zavrsen": 2,
  "prostorija1status": 1,
  "prostorija2status": 1,
  "prostorija3status": 0,
  "brojRadnika": 0,
  "__v": 0
},
{
  "_id": {
    "$oid": "649289addcc157e8bfdb5bfe"
  },
  "usernameObj": "dzoni",
  "adresaObj": "Царице Милице 100",
  "datumOd": {
    "$date": "2009-03-25T01:00:00.000Z"
  },
  "datumDo": {
    "$date": "2010-10-27T00:00:00.000Z"
  },
  "ugovorenaCena": 500,
  "agencija": "test",
  "zavrsen": 0,
  "prostorija1status": 0,
  "prostorija2status": 0,
  "prostorija3status": 0,
  "brojRadnika": 0,
  "__v": 0
}]