[{
  "_id": {
    "$oid": "64927a88bc5beab0b56265f5"
  },
  "vlasnik": "davidsimic1",
  "tip": "Кућа",
  "adresa": "Сутјеска 23",
  "brojProstorija": "3",
  "kvadratura": "150",
  "prostorije": [
    {
      "startX": 0,
      "startY": 0,
      "sirina": 300,
      "duzina": 200
    },
    {
      "startX": 200,
      "startY": 0,
      "sirina": 300,
      "duzina": 200
    },
    {
      "startX": 0,
      "startY": 300,
      "sirina": 100,
      "duzina": 400
    }
  ],
  "svaVrata": [
    {
      "orijentacija": 3,
      "sirina": 50,
      "startX": 0,
      "startY": 350
    },
    {
      "orijentacija": 3,
      "sirina": 50,
      "startX": 200,
      "startY": 150
    },
    {
      "orijentacija": 1,
      "sirina": 50,
      "startX": 100,
      "startY": 300
    }
  ],
  "__v": 0
},
{
  "_id": {
    "$oid": "64927acabc5beab0b56265fa"
  },
  "vlasnik": "davidsimic1",
  "tip": "Кућа",
  "adresa": "Нушићева 17",
  "brojProstorija": "2",
  "kvadratura": "80",
  "prostorije": [
    {
      "startX": 2.20001220703125,
      "startY": 1.7249908447265625,
      "sirina": 100,
      "duzina": 100
    },
    {
      "startX": 106.20001220703125,
      "startY": 0.7249908447265625,
      "sirina": "400",
      "duzina": "300"
    }
  ],
  "svaVrata": [
    {
      "orijentacija": "3",
      "sirina": "50",
      "startX": 107.20001220703125,
      "startY": 272.3249969482422
    },
    {
      "orijentacija": "2",
      "sirina": "20",
      "startX": 49.20001220703125,
      "startY": 104.32499694824219
    }
  ],
  "__v": 0
},
{
  "_id": {
    "$oid": "64927b04bc5beab0b56265fd"
  },
  "vlasnik": "davidsimic1",
  "tip": "Кућа",
  "adresa": "Кнез Михајлова 70",
  "brojProstorija": "3",
  "kvadratura": "100",
  "prostorije": [
    {
      "startX": 0,
      "startY": 0,
      "duzina": 300,
      "sirina": 200
    },
    {
      "startX": 0,
      "startY": 200,
      "duzina": 300,
      "sirina": 200
    },
    {
      "startX": 300,
      "startY": 0,
      "duzina": 100,
      "sirina": 400
    }
  ],
  "svaVrata": [
    {
      "startX": 150,
      "startY": 200,
      "orijentacija": 1,
      "sirina": 50
    },
    {
      "startX": 300,
      "startY": 300,
      "orijentacija": 3,
      "sirina": 50
    },
    {
      "startX": 300,
      "startY": 100,
      "orijentacija": 3,
      "sirina": 50
    }
  ],
  "__v": 0
},
{
  "_id": {
    "$oid": "64927b20bc5beab0b5626602"
  },
  "vlasnik": "davidsimic1",
  "tip": "Стан",
  "adresa": "Краља Петра 60",
  "brojProstorija": "1",
  "kvadratura": "45",
  "prostorije": [
    {
      "startX": 0,
      "startY": 0,
      "sirina": 400,
      "duzina": 400
    }
  ],
  "svaVrata": [
    {
      "orijentacija": 3,
      "sirina": 50,
      "startX": 0,
      "startY": 350
    }
  ],
  "__v": 0
},
{
  "_id": {
    "$oid": "64927b3abc5beab0b562660d"
  },
  "vlasnik": "davidsimic1",
  "tip": "Стан",
  "adresa": "Нишка 34",
  "brojProstorija": "2",
  "kvadratura": "50",
  "prostorije": [
    {
      "startX": 0,
      "startY": 0,
      "sirina": 400,
      "duzina": 200
    },
    {
      "startX": 200,
      "startY": 0,
      "sirina": 400,
      "duzina": 200
    }
  ],
  "svaVrata": [
    {
      "orijentacija": 3,
      "sirina": 50,
      "startX": 0,
      "startY": 350
    },
    {
      "orijentacija": 3,
      "sirina": 50,
      "startX": 200,
      "startY": 150
    }
  ],
  "__v": 0
},
{
  "_id": {
    "$oid": "64928705742ee4b53f0007be"
  },
  "vlasnik": "dzoni",
  "tip": "Стан",
  "adresa": "Војводе Мишића 65",
  "brojProstorija": "3",
  "kvadratura": "60",
  "prostorije": [
    {
      "startX": 0,
      "startY": 0,
      "sirina": 300,
      "duzina": 200
    },
    {
      "startX": 200,
      "startY": 0,
      "sirina": 300,
      "duzina": 200
    },
    {
      "startX": 0,
      "startY": 300,
      "sirina": 100,
      "duzina": 400
    }
  ],
  "svaVrata": [
    {
      "orijentacija": 3,
      "sirina": 50,
      "startX": 0,
      "startY": 350
    },
    {
      "orijentacija": 3,
      "sirina": 50,
      "startX": 200,
      "startY": 150
    },
    {
      "orijentacija": 1,
      "sirina": 50,
      "startX": 100,
      "startY": 300
    }
  ],
  "__v": 0
},
{
  "_id": {
    "$oid": "649287bedcc157e8bfdb5b38"
  },
  "vlasnik": "dzoni",
  "tip": "Стан",
  "adresa": "Царице Милице 100",
  "brojProstorija": "1",
  "kvadratura": "25",
  "prostorije": [
    {
      "startX": 0,
      "startY": 0,
      "sirina": 400,
      "duzina": 400
    }
  ],
  "svaVrata": [
    {
      "orijentacija": 3,
      "sirina": 50,
      "startX": 0,
      "startY": 350
    }
  ],
  "__v": 0
},
{
  "_id": {
    "$oid": "64928857dcc157e8bfdb5b42"
  },
  "vlasnik": "dzoni",
  "tip": "Стан",
  "adresa": "Краља Милана 50",
  "brojProstorija": "2",
  "kvadratura": "40",
  "prostorije": [
    {
      "startX": 0,
      "startY": 0,
      "sirina": 400,
      "duzina": 200
    },
    {
      "startX": 200,
      "startY": 0,
      "sirina": 400,
      "duzina": 200
    }
  ],
  "svaVrata": [
    {
      "orijentacija": 3,
      "sirina": 50,
      "startX": 0,
      "startY": 350
    },
    {
      "orijentacija": 3,
      "sirina": 50,
      "startX": 200,
      "startY": 150
    }
  ],
  "__v": 0
}]