[{
  "_id": {
    "$oid": "64927b7fbc5beab0b562661a"
  },
  "usernameObj": "davidsimic1",
  "adresaObj": "Кнез Михајлова 70",
  "datumOd": {
    "$date": "2023-01-15T01:00:00.000Z"
  },
  "datumDo": {
    "$date": "2023-07-17T00:00:00.000Z"
  },
  "ponuda": 0,
  "agencija": "test",
  "prihvacen": 0,
  "__v": 0
},
{
  "_id": {
    "$oid": "64927b88bc5beab0b562661c"
  },
  "usernameObj": "davidsimic1",
  "adresaObj": "Краља Петра 60",
  "datumOd": {
    "$date": "2023-02-15T01:00:00.000Z"
  },
  "datumDo": {
    "$date": "2023-08-17T00:00:00.000Z"
  },
  "ponuda": 1000,
  "agencija": "test",
  "prihvacen": 1,
  "__v": 0
},
{
  "_id": {
    "$oid": "64927b90bc5beab0b562661e"
  },
  "usernameObj": "davidsimic1",
  "adresaObj": "Нишка 34",
  "datumOd": {
    "$date": "2022-02-15T01:00:00.000Z"
  },
  "datumDo": {
    "$date": "2022-08-17T00:00:00.000Z"
  },
  "ponuda": 0,
  "agencija": "/",
  "prihvacen": 2,
  "__v": 0
},
{
  "_id": {
    "$oid": "64928891dcc157e8bfdb5b4f"
  },
  "usernameObj": "dzoni",
  "adresaObj": "Војводе Мишића 65",
  "datumOd": {
    "$date": "2009-03-25T01:00:00.000Z"
  },
  "datumDo": {
    "$date": "2009-10-27T01:00:00.000Z"
  },
  "ponuda": 0,
  "agencija": "test",
  "prihvacen": 0,
  "__v": 0
}]