[{
  "_id": {
    "$oid": "64927be2bc5beab0b562663c"
  },
  "ime": "Петар",
  "prezime": "Петровић",
  "agencija": "test",
  "telefon": 65324114,
  "specijalizacija": "Архитекта",
  "email": "petar@gmail.com",
  "__v": 0
},
{
  "_id": {
    "$oid": "64927c01bc5beab0b5626646"
  },
  "ime": "Лука",
  "prezime": "Лукић",
  "agencija": "test",
  "telefon": 68434234,
  "specijalizacija": "Молер",
  "email": "luka@gmail.com",
  "__v": 0
},
{
  "_id": {
    "$oid": "64927c16bc5beab0b562664c"
  },
  "ime": "Милош",
  "prezime": "Милошевић",
  "agencija": "test",
  "telefon": 6712313,
  "specijalizacija": "Радник",
  "email": "milos@gmail.com",
  "__v": 0
},
{
  "_id": {
    "$oid": "64927c33bc5beab0b5626652"
  },
  "ime": "Мика",
  "prezime": "Микић",
  "agencija": "test",
  "telefon": 124193,
  "specijalizacija": "Радник",
  "email": "mika@gmail.com",
  "__v": 0
},
{
  "_id": {
    "$oid": "64927c48bc5beab0b5626658"
  },
  "ime": "Никола",
  "prezime": "Николић",
  "agencija": "test",
  "telefon": 58312313,
  "specijalizacija": "Молер",
  "email": "nikola@gmail.com",
  "__v": 0
},
{
  "_id": {
    "$oid": "64927c61bc5beab0b562665e"
  },
  "ime": "Марта",
  "prezime": "Мартић",
  "agencija": "test",
  "telefon": 41213123,
  "specijalizacija": "Архитекта",
  "email": "marta@gmail.com",
  "__v": 0
},
{
  "_id": {
    "$oid": "64927c9bbc5beab0b5626664"
  },
  "ime": "Ивана",
  "prezime": "Миленковић",
  "agencija": "test",
  "telefon": 67413213,
  "specijalizacija": "Дизајнер ентеријера",
  "email": "ivana@gmail.com",
  "__v": 0
},
{
  "_id": {
    "$oid": "64927ccdbc5beab0b562666a"
  },
  "ime": "Нађа",
  "prezime": "Милошевић",
  "agencija": "test",
  "telefon": 642312313,
  "specijalizacija": "Радник",
  "email": "nadja@gmail.com",
  "__v": 0
},
{
  "_id": {
    "$oid": "64927ce9bc5beab0b5626670"
  },
  "ime": "Михајло",
  "prezime": "Михајловић",
  "agencija": "test",
  "telefon": 67131231,
  "specijalizacija": "Дизајнер ентеријера",
  "email": "mihajlo@gmail.com",
  "__v": 0
}]